dataset,column,dtype,n_missing,pct_missing,n_unique,sample_values
perceived_mh_annual,REF_DATE,str,0,0.0,3,"2019/2020, 2021/2022, 2023/2024"
perceived_mh_annual,GEO,str,0,0.0,13,"Newfoundland and Labrador, Prince Edward Island, Nova Scotia, New Brunswick"
perceived_mh_annual,DGUID,str,0,0.0,13,"2021A000210, 2021A000211, 2021A000212, 2021A000213"
perceived_mh_annual,Age group,str,0,0.0,1,"Total, 18 years and over"
perceived_mh_annual,Sex,str,0,0.0,3,"Both sexes, Males, Females"
perceived_mh_annual,Indicators,str,0,0.0,8,"Perceived mental health, very , Perceived mental health, fair , Perceived life stress, most da, Mood disorder"
perceived_mh_annual,Characteristics,str,0,0.0,1,Percent
perceived_mh_annual,UOM,str,0,0.0,1,Percent
perceived_mh_annual,UOM_ID,int64,0,0.0,1,239
perceived_mh_annual,SCALAR_FACTOR,str,0,0.0,1,units
perceived_mh_annual,SCALAR_ID,int64,0,0.0,1,0
perceived_mh_annual,VECTOR,str,0,0.0,312,"v1806947204, v1806947211, v1806947218, v1806947260"
perceived_mh_annual,COORDINATE,str,0,0.0,312,"2.1.1.3.4, 2.1.1.4.4, 2.1.1.5.4, 2.1.1.11.4"
perceived_mh_annual,VALUE,float64,26,2.8,417,"68.6, 58.3, 53.5, 8.0"
perceived_mh_annual,STATUS,str,898,95.9,3,".., E, F"
perceived_mh_annual,SYMBOL,float64,936,100.0,0,
perceived_mh_annual,TERMINATED,float64,936,100.0,0,
perceived_mh_annual,DECIMALS,int64,0,0.0,1,1
suicidal_thoughts,REF_DATE,int64,0,0.0,2,"2015, 2019"
suicidal_thoughts,GEO,str,0,0.0,11,"Canada (excluding territories), Newfoundland and Labrador, Prince Edward Island, Nova Scotia"
suicidal_thoughts,DGUID,str,648,7.9,10,"2016A000210, 2016A000211, 2016A000212, 2016A000213"
suicidal_thoughts,Age group,str,0,0.0,6,"Total, 12 years and over, 12 to 17 years, 18 to 34 years, 35 to 49 years"
suicidal_thoughts,Sex,str,0,0.0,3,"Both sexes, Males, Females"
suicidal_thoughts,Indicators,str,0,0.0,3,"Consultation with a health pro, Positive mental health, flouri, Suicidal thoughts (15 years an"
suicidal_thoughts,Characteristics,str,0,0.0,7,"Number of persons, Low 95% confidence interval, n, High 95% confidence interval, , Percent"
suicidal_thoughts,UOM,str,0,0.0,2,"Number, Percent"
suicidal_thoughts,UOM_ID,int64,0,0.0,2,"223, 239"
suicidal_thoughts,SCALAR_FACTOR,str,0,0.0,1,units
suicidal_thoughts,SCALAR_ID,int64,0,0.0,1,0
suicidal_thoughts,VECTOR,str,0,0.0,4104,"v111448102, v111448103, v111448104, v111448105"
suicidal_thoughts,COORDINATE,str,0,0.0,4104,"1.1.1.1.1, 1.1.1.1.2, 1.1.1.1.3, 1.1.1.1.4"
suicidal_thoughts,VALUE,float64,567,6.9,2743,"4082100.0, 3933800.0, 4230400.0, 13.9"
suicidal_thoughts,STATUS,str,5368,65.4,2,"E, F"
suicidal_thoughts,SYMBOL,float64,8208,100.0,0,
suicidal_thoughts,TERMINATED,float64,8208,100.0,0,
suicidal_thoughts,DECIMALS,int64,0,0.0,2,"0, 1"
stress_coping,REF_DATE,int64,0,0.0,2,"2016, 2019"
stress_coping,GEO,str,0,0.0,11,"Canada (excluding territories), Newfoundland and Labrador, Prince Edward Island, Nova Scotia"
stress_coping,DGUID,str,2160,7.9,10,"2016A000210, 2016A000211, 2016A000212, 2016A000213"
stress_coping,Age group,str,0,0.0,6,"Total, 12 years and over, 12 to 17 years, 18 to 34 years, 35 to 49 years"
stress_coping,Sex,str,0,0.0,3,"Both sexes, Males, Females"
stress_coping,Indicators,str,0,0.0,10,"Ability to handle unexpected a, Ability to handle the day-to-d, Main source of stress in day-t, Main source of stress in day-t"
stress_coping,Characteristics,str,0,0.0,7,"Number of persons, Low 95% confidence interval, n, High 95% confidence interval, , Percent"
stress_coping,UOM,str,0,0.0,2,"Number, Percent"
stress_coping,UOM_ID,int64,0,0.0,2,"223, 239"
stress_coping,SCALAR_FACTOR,str,0,0.0,1,units
stress_coping,SCALAR_ID,int64,0,0.0,1,0
stress_coping,VECTOR,str,0,0.0,13680,"v114653289, v114653290, v114653291, v114653292"
stress_coping,COORDINATE,str,0,0.0,13680,"1.1.1.1.1, 1.1.1.1.2, 1.1.1.1.3, 1.1.1.1.4"
stress_coping,VALUE,float64,5165,18.9,4978,"23945100.0, 23776500.0, 24156400.0, 81.4"
stress_coping,STATUS,str,15541,56.8,3,"E, .., F"
stress_coping,SYMBOL,float64,27360,100.0,0,
stress_coping,TERMINATED,float64,27360,100.0,0,
stress_coping,DECIMALS,int64,0,0.0,2,"0, 1"
perceived_health_quarterly,REF_DATE,str,0,0.0,9,"2021-04, 2021-07, 2021-10, 2022-01"
perceived_health_quarterly,GEO,str,0,0.0,13,"Canada (excluding territories), Atlantic Region, Newfoundland and Labrador, Prince Edward Island"
perceived_health_quarterly,DGUID,str,0,0.0,13,"2016A000011124, 2016A00011, 2016A000210, 2016A000211"
perceived_health_quarterly,Gender,str,0,0.0,3,"Total, all persons, Men, Women"
perceived_health_quarterly,Indicators,str,0,0.0,3,"Excellent or very good perceiv, Good perceived health, Fair or poor perceived health"
perceived_health_quarterly,Statistics,str,0,0.0,6,"Percentage of persons, Lower bound of the 95% confide, Upper bound of the 95% confide, Number of persons"
perceived_health_quarterly,UOM,str,0,0.0,2,"Percent, Number"
perceived_health_quarterly,UOM_ID,int64,0,0.0,2,"239, 223"
perceived_health_quarterly,SCALAR_FACTOR,str,0,0.0,2,"units, thousands"
perceived_health_quarterly,SCALAR_ID,int64,0,0.0,2,"0, 3"
perceived_health_quarterly,VECTOR,str,0,0.0,702,"v1427746919, v1427746920, v1427746921, v1427746922"
perceived_health_quarterly,COORDINATE,str,0,0.0,702,"1.1.1.1, 1.1.1.2, 1.1.1.3, 1.1.1.4"
perceived_health_quarterly,VALUE,float64,345,5.5,2102,"57.1, 55.9, 58.4, 17877.0"
perceived_health_quarterly,STATUS,str,5211,82.5,2,"F, E"
perceived_health_quarterly,SYMBOL,float64,6318,100.0,0,
perceived_health_quarterly,TERMINATED,float64,6318,100.0,0,
perceived_health_quarterly,DECIMALS,int64,0,0.0,2,"1, 0"
cchs_mh_disorders,REF_DATE,int64,0,0.0,3,"2002, 2012, 2022"
cchs_mh_disorders,GEO,str,0,0.0,13,"Canada, Atlantic Provinces, Newfoundland and Labrador, Prince Edward Island"
cchs_mh_disorders,DGUID,str,0,0.0,13,"2021A000011124, 2021A00011, 2021A000210, 2021A000211"
cchs_mh_disorders,Age group,str,0,0.0,6,"Total, 15 years and over, 15 to 24 years, 25 to 64 years, 25 to 44 years"
cchs_mh_disorders,Gender,str,0,0.0,3,"Total, gender of person, Men+, Women+"
cchs_mh_disorders,Indicators,str,0,0.0,45,"Major depressive episode, life, Major depressive episode, 12 m, Cannabis use, life, Cannabis use, 12 months"
cchs_mh_disorders,Characteristics,str,0,0.0,9,"Number of persons, Low 95% confidence interval, n, High 95% confidence interval, , Coefficient of variation for n"
cchs_mh_disorders,UOM,str,0,0.0,2,"Number, Percent"
cchs_mh_disorders,UOM_ID,int64,0,0.0,2,"223, 239"
cchs_mh_disorders,SCALAR_FACTOR,str,0,0.0,1,units
cchs_mh_disorders,SCALAR_ID,int64,0,0.0,1,0
cchs_mh_disorders,VECTOR,str,0,0.0,89154,"v73953257, v73953258, v73953259, v73953260"
cchs_mh_disorders,COORDINATE,str,0,0.0,89154,"1.1.1.5.1, 1.1.1.5.2, 1.1.1.5.3, 1.1.1.5.4"
cchs_mh_disorders,VALUE,float64,62056,38.5,33170,"3037049.0, 2913405.0, 3160692.0, 21.0"
cchs_mh_disorders,STATUS,str,70232,43.6,4,"E, F, .., x"
cchs_mh_disorders,SYMBOL,float64,160992,100.0,0,
cchs_mh_disorders,TERMINATED,float64,160992,100.0,0,
cchs_mh_disorders,DECIMALS,int64,0,0.0,2,"0, 1"
cihi_mh_services,indicator,str,0,0.0,29,"Self-rated mental health in yo, Happiness in youth, Life satisfaction in youth, Psychological well-being: Auto"
cihi_mh_services,vis_option,str,0,0.0,2,"Sex, Age"
cihi_mh_services,vis_title,str,0,0.0,34,"Percentage of population aged , Percentage (%) of population a, Percentage (%) of population a, Mean life satisfaction rating "
cihi_mh_services,vis_type,str,0,0.0,2,"bargraph, linegraph"
cihi_mh_services,grouping,float64,264,100.0,0,
cihi_mh_services,group,float64,264,100.0,0,
cihi_mh_services,x_axis_label,str,0,0.0,6,"Sex, Age Group, Age group - life course, Age group - 10 year"
cihi_mh_services,y_axis_label,str,0,0.0,4,"Percentage (%), Mean, Rate per 100,000 population, Rate per 100,000 presentations"
cihi_mh_services,x_axis_values,str,0,0.0,39,"Males, Females, Total population, 18-24"
cihi_mh_services,y_axis_values,str,0,0.0,210,"71.8, 52.3, 62.2, 75.7"
cihi_mh_services,confidence_interval_level,str,90,34.1,1,95%
cihi_mh_services,confidence_interval_low,str,90,34.1,131,"68.4, 48.4, 59.7, 72.1"
cihi_mh_services,confidence_interval_high,str,90,34.1,135,"75.2, 56.3, 64.8, 79.3"
cihi_mh_services,warning,str,241,91.3,2,"E, F"
mhacs_2022_pumf,PUMFID,float64,0,0.0,9861,"615402.0, 615403.0, 615404.0, 615405.0"
mhacs_2022_pumf,GEODVPSZ,float64,0,0.0,4,"3.0, 4.0, 2.0, 1.0"
mhacs_2022_pumf,DHHGMS,float64,0,0.0,6,"1.0, 3.0, 4.0, 5.0"
mhacs_2022_pumf,DHHGAGE,float64,0,0.0,8,"7.0, 2.0, 6.0, 3.0"
mhacs_2022_pumf,GENDER,float64,0,0.0,3,"1.0, 2.0, 9.0"
mhacs_2022_pumf,GEN_01,float64,0,0.0,7,"2.0, 4.0, 3.0, 1.0"
mhacs_2022_pumf,GEN_02A,float64,0,0.0,8,"3.0, 2.0, 1.0, 4.0"
mhacs_2022_pumf,GEN_08B,float64,0,0.0,8,"2.0, 4.0, 3.0, 1.0"
mhacs_2022_pumf,GEN_08C,float64,0,0.0,8,"3.0, 4.0, 1.0, 2.0"
mhacs_2022_pumf,GEN_02A1,float64,0,0.0,8,"3.0, 2.0, 1.0, 5.0"
mhacs_2022_pumf,GEN_02B,float64,0,0.0,14,"8.0, 7.0, 6.0, 9.0"
mhacs_2022_pumf,GEN_07,float64,0,0.0,8,"3.0, 4.0, 2.0, 5.0"
mhacs_2022_pumf,GEN_08,float64,0,0.0,6,"1.0, 6.0, 2.0, 9.0"
mhacs_2022_pumf,GEN_09,float64,0,0.0,9,"3.0, 4.0, 5.0, 1.0"
mhacs_2022_pumf,GEN_10,float64,0,0.0,7,"2.0, 7.0, 1.0, 3.0"
mhacs_2022_pumf,GENDHDI,float64,0,0.0,6,"3.0, 1.0, 2.0, 4.0"
mhacs_2022_pumf,GENGSWL,float64,0,0.0,6,"2.0, 1.0, 3.0, 4.0"
mhacs_2022_pumf,SCR_21,float64,0,0.0,4,"2.0, 1.0, 7.0, 8.0"
mhacs_2022_pumf,SCR_22,float64,0,0.0,5,"2.0, 6.0, 1.0, 7.0"
mhacs_2022_pumf,SCR_23,float64,0,0.0,5,"2.0, 6.0, 1.0, 7.0"
mhacs_2022_pumf,SCR_24,float64,0,0.0,4,"2.0, 1.0, 7.0, 8.0"
mhacs_2022_pumf,SCR_25A,float64,0,0.0,4,"2.0, 1.0, 7.0, 8.0"
mhacs_2022_pumf,SCR_25B,float64,0,0.0,6,"6.0, 2.0, 1.0, 9.0"
mhacs_2022_pumf,SCR_26A,float64,0,0.0,4,"2.0, 1.0, 7.0, 8.0"
mhacs_2022_pumf,SCR_26B,float64,0,0.0,5,"2.0, 1.0, 7.0, 6.0"
mhacs_2022_pumf,SCR_26C,float64,0,0.0,4,"2.0, 1.0, 7.0, 8.0"
mhacs_2022_pumf,SCR_29A,float64,0,0.0,4,"2.0, 1.0, 7.0, 8.0"
mhacs_2022_pumf,SCR_29B,float64,0,0.0,5,"1.0, 2.0, 6.0, 7.0"
mhacs_2022_pumf,SCR_29C,float64,0,0.0,6,"1.0, 6.0, 2.0, 7.0"
mhacs_2022_pumf,SCR_29D,float64,0,0.0,5,"1.0, 6.0, 2.0, 9.0"
mhacs_2022_pumf,SCR_29E,float64,0,0.0,6,"1.0, 6.0, 2.0, 7.0"
mhacs_2022_pumf,SCRDMEN,float64,0,0.0,6,"3.0, 1.0, 2.0, 4.0"
mhacs_2022_pumf,SCRDDEP,float64,0,0.0,3,"2.0, 1.0, 9.0"
mhacs_2022_pumf,SCRDMIA,float64,0,0.0,3,"2.0, 1.0, 9.0"
mhacs_2022_pumf,SCRDGAD,float64,0,0.0,3,"2.0, 1.0, 9.0"
mhacs_2022_pumf,SCRDSOP,float64,0,0.0,3,"1.0, 2.0, 9.0"
mhacs_2022_pumf,CCC_031,float64,0,0.0,4,"2.0, 1.0, 7.0, 8.0"
mhacs_2022_pumf,CCC_051,float64,0,0.0,5,"1.0, 2.0, 7.0, 9.0"
mhacs_2022_pumf,CCC_061,float64,0,0.0,5,"1.0, 2.0, 7.0, 9.0"
mhacs_2022_pumf,CCC_062,float64,0,0.0,5,"2.0, 1.0, 7.0, 9.0"
mhacs_2022_pumf,CCC_071,float64,0,0.0,5,"2.0, 1.0, 7.0, 9.0"
mhacs_2022_pumf,CCC_072,float64,0,0.0,5,"2.0, 6.0, 1.0, 7.0"
mhacs_2022_pumf,CCC_081,float64,0,0.0,5,"2.0, 1.0, 7.0, 9.0"
mhacs_2022_pumf,CCC_091,float64,0,0.0,6,"2.0, 6.0, 1.0, 7.0"
mhacs_2022_pumf,CCC_101,float64,0,0.0,5,"2.0, 1.0, 7.0, 9.0"
mhacs_2022_pumf,CCC_121,float64,0,0.0,5,"2.0, 1.0, 7.0, 9.0"
mhacs_2022_pumf,CCC_131,float64,0,0.0,5,"2.0, 1.0, 7.0, 9.0"
mhacs_2022_pumf,CCC_132,float64,0,0.0,6,"2.0, 6.0, 1.0, 7.0"
mhacs_2022_pumf,CCC_171A,float64,0,0.0,5,"2.0, 1.0, 7.0, 9.0"
mhacs_2022_pumf,CCC_251,float64,0,0.0,5,"2.0, 1.0, 7.0, 9.0"
mhacs_2022_pumf,CCC_261,float64,0,0.0,5,"2.0, 7.0, 1.0, 9.0"
mhacs_2022_pumf,CCC_280A,float64,0,0.0,5,"2.0, 1.0, 7.0, 9.0"
mhacs_2022_pumf,CCC280BA,float64,0,0.0,5,"6.0, 1.0, 2.0, 7.0"
mhacs_2022_pumf,CCCG28AE,float64,0,0.0,5,"6.0, 2.0, 1.0, 7.0"
mhacs_2022_pumf,CCC_290A,float64,0,0.0,5,"2.0, 7.0, 1.0, 9.0"
mhacs_2022_pumf,CCC290BA,float64,0,0.0,5,"6.0, 9.0, 1.0, 2.0"
mhacs_2022_pumf,CCC290BB,float64,0,0.0,5,"6.0, 9.0, 1.0, 2.0"
mhacs_2022_pumf,CCC290BC,float64,0,0.0,5,"6.0, 9.0, 2.0, 1.0"
mhacs_2022_pumf,CCC290BD,float64,0,0.0,5,"6.0, 9.0, 2.0, 1.0"
mhacs_2022_pumf,CCC_311,float64,0,0.0,5,"2.0, 1.0, 7.0, 9.0"
mhacs_2022_pumf,CCC_331,float64,0,0.0,5,"2.0, 1.0, 7.0, 9.0"
mhacs_2022_pumf,CCC_332,float64,0,0.0,5,"2.0, 1.0, 7.0, 9.0"
mhacs_2022_pumf,CCCG901,float64,0,0.0,5,"2.0, 1.0, 7.0, 9.0"
mhacs_2022_pumf,CCCF1,float64,0,0.0,3,"1.0, 2.0, 9.0"
mhacs_2022_pumf,CCCDHBP,float64,0,0.0,3,"2.0, 1.0, 9.0"
mhacs_2022_pumf,CCCDCNCR,float64,0,0.0,3,"2.0, 1.0, 9.0"
mhacs_2022_pumf,CCCDSCZO,float64,0,0.0,3,"2.0, 9.0, 1.0"
mhacs_2022_pumf,CCCDPSYC,float64,0,0.0,3,"2.0, 1.0, 9.0"
mhacs_2022_pumf,HUPDPAD,float64,0,0.0,6,"1.0, 3.0, 4.0, 5.0"
mhacs_2022_pumf,PHSFPPA,float64,0,0.0,3,"1.0, 2.0, 9.0"
mhacs_2022_pumf,IM_10L,float64,0,0.0,4,"2.0, 1.0, 7.0, 8.0"
mhacs_2022_pumf,IM_10M,float64,0,0.0,4,"2.0, 1.0, 7.0, 8.0"
mhacs_2022_pumf,IM_10O,float64,0,0.0,4,"2.0, 1.0, 7.0, 8.0"
mhacs_2022_pumf,IM_10AB,float64,0,0.0,4,"2.0, 1.0, 7.0, 8.0"
mhacs_2022_pumf,IM_10DE,float64,0,0.0,4,"2.0, 1.0, 7.0, 8.0"
mhacs_2022_pumf,IM_10FG,float64,0,0.0,4,"2.0, 1.0, 7.0, 8.0"
mhacs_2022_pumf,IM_10HI,float64,0,0.0,4,"2.0, 1.0, 7.0, 8.0"
mhacs_2022_pumf,IM_10JK,float64,0,0.0,4,"1.0, 2.0, 7.0, 8.0"
mhacs_2022_pumf,IM_10CN,float64,0,0.0,4,"2.0, 1.0, 7.0, 8.0"
mhacs_2022_pumf,PMH_01,float64,0,0.0,8,"2.0, 1.0, 3.0, 5.0"
mhacs_2022_pumf,PMH_02,float64,0,0.0,9,"2.0, 1.0, 4.0, 3.0"
mhacs_2022_pumf,PMH_03,float64,0,0.0,9,"2.0, 3.0, 1.0, 4.0"
mhacs_2022_pumf,PMH_04,float64,0,0.0,9,"2.0, 1.0, 4.0, 3.0"
mhacs_2022_pumf,PMH_05,float64,0,0.0,9,"2.0, 1.0, 4.0, 6.0"
mhacs_2022_pumf,PMH_06,float64,0,0.0,9,"2.0, 4.0, 1.0, 3.0"
mhacs_2022_pumf,PMH_07,float64,0,0.0,9,"2.0, 1.0, 3.0, 5.0"
mhacs_2022_pumf,PMH_08,float64,0,0.0,9,"2.0, 3.0, 1.0, 4.0"
mhacs_2022_pumf,PMH_09,float64,0,0.0,9,"2.0, 1.0, 3.0, 6.0"
mhacs_2022_pumf,PMH_10,float64,0,0.0,9,"2.0, 1.0, 4.0, 3.0"
mhacs_2022_pumf,PMH_11,float64,0,0.0,9,"2.0, 1.0, 3.0, 4.0"
mhacs_2022_pumf,PMH_12,float64,0,0.0,9,"2.0, 6.0, 3.0, 1.0"
mhacs_2022_pumf,PMH_13,float64,0,0.0,9,"2.0, 1.0, 4.0, 6.0"
mhacs_2022_pumf,PMH_14,float64,0,0.0,9,"2.0, 1.0, 4.0, 3.0"
mhacs_2022_pumf,PMHDHEM,float64,0,0.0,3,"1.0, 0.0, 9.0"
mhacs_2022_pumf,PMHDLEM,float64,0,0.0,3,"0.0, 1.0, 9.0"
mhacs_2022_pumf,PMHDHFU,float64,0,0.0,3,"1.0, 0.0, 9.0"
mhacs_2022_pumf,PMHDLFU,float64,0,0.0,3,"0.0, 1.0, 9.0"
mhacs_2022_pumf,PMHDCLA,float64,0,0.0,4,"1.0, 3.0, 2.0, 9.0"
mhacs_2022_pumf,PMHDSCR,float64,0,0.0,70,"56.0, 59.0, 60.0, 39.0"
mhacs_2022_pumf,STS_1,float64,0,0.0,7,"2.0, 1.0, 3.0, 4.0"
mhacs_2022_pumf,STS_2,float64,0,0.0,8,"2.0, 1.0, 5.0, 3.0"
mhacs_2022_pumf,STS_3,float64,0,0.0,19,"1.0, 6.0, 13.0, 5.0"
mhacs_2022_pumf,STS_4,float64,0,0.0,8,"2.0, 7.0, 1.0, 4.0"
mhacs_2022_pumf,STS_5,float64,0,0.0,8,"2.0, 1.0, 7.0, 3.0"
mhacs_2022_pumf,DIS_01A,float64,0,0.0,7,"4.0, 3.0, 2.0, 5.0"
mhacs_2022_pumf,DIS_01B,float64,0,0.0,7,"4.0, 2.0, 5.0, 3.0"
mhacs_2022_pumf,DIS_01C,float64,0,0.0,8,"5.0, 4.0, 1.0, 3.0"
mhacs_2022_pumf,DIS_01D,float64,0,0.0,8,"5.0, 4.0, 3.0, 8.0"
mhacs_2022_pumf,DIS_01E,float64,0,0.0,8,"4.0, 1.0, 5.0, 3.0"
mhacs_2022_pumf,DIS_01F,float64,0,0.0,7,"5.0, 2.0, 4.0, 3.0"
mhacs_2022_pumf,DIS_01G,float64,0,0.0,8,"4.0, 3.0, 5.0, 2.0"
mhacs_2022_pumf,DIS_01H,float64,0,0.0,8,"5.0, 2.0, 4.0, 3.0"
mhacs_2022_pumf,DIS_01I,float64,0,0.0,8,"4.0, 3.0, 1.0, 5.0"
mhacs_2022_pumf,DIS_01J,float64,0,0.0,8,"5.0, 2.0, 4.0, 3.0"
mhacs_2022_pumf,DIS_01K,float64,0,0.0,8,"3.0, 1.0, 6.0, 2.0"
mhacs_2022_pumf,DIS_01L,float64,0,0.0,7,"6.0, 2.0, 9.0, 3.0"
mhacs_2022_pumf,DIS_01M,float64,0,0.0,6,"6.0, 2.0, 9.0, 3.0"
mhacs_2022_pumf,DIS_01N,float64,0,0.0,8,"3.0, 2.0, 4.0, 6.0"
mhacs_2022_pumf,DISDK6,float64,0,0.0,26,"3.0, 9.0, 4.0, 10.0"
mhacs_2022_pumf,DISDDSX,float64,0,0.0,41,"5.0, 17.0, 6.0, 15.0"
mhacs_2022_pumf,DISDCHR,float64,0,0.0,9,"4.0, 2.0, 8.0, 6.0"
mhacs_2022_pumf,SUI_01,float64,0,0.0,6,"6.0, 2.0, 9.0, 1.0"
mhacs_2022_pumf,SUI_02,float64,0,0.0,6,"2.0, 8.0, 6.0, 1.0"
mhacs_2022_pumf,SUI_03,float64,0,0.0,6,"6.0, 9.0, 1.0, 2.0"
mhacs_2022_pumf,DEP_72,float64,0,0.0,6,"6.0, 2.0, 1.0, 9.0"
mhacs_2022_pumf,DEP_86,float64,0,0.0,6,"6.0, 2.0, 9.0, 1.0"
mhacs_2022_pumf,DEP_87,float64,0,0.0,4,"6.0, 2.0, 9.0, 1.0"
mhacs_2022_pumf,DEPDDPS,float64,0,0.0,3,"2.0, 1.0, 9.0"
mhacs_2022_pumf,DEPGREC,float64,0,0.0,10,"96.0, 1.0, 3.0, 6.0"
mhacs_2022_pumf,DEPGPER,float64,0,0.0,17,"96.0, 3.0, 4.0, 14.0"
mhacs_2022_pumf,DEPDDY,float64,0,0.0,3,"2.0, 1.0, 9.0"
mhacs_2022_pumf,DEPFSLT,float64,0,0.0,3,"2.0, 9.0, 1.0"
mhacs_2022_pumf,DEPFSYT,float64,0,0.0,3,"2.0, 9.0, 1.0"
mhacs_2022_pumf,DEPFINT,float64,0,0.0,4,"6.0, 1.0, 9.0, 2.0"
mhacs_2022_pumf,DEPDINT,float64,0,0.0,77,"99.6, 4.0, 4.8, 99.9"
mhacs_2022_pumf,MIA_33,float64,0,0.0,6,"6.0, 2.0, 1.0, 9.0"
mhacs_2022_pumf,MIA_47,float64,0,0.0,5,"6.0, 1.0, 2.0, 9.0"
mhacs_2022_pumf,MIADEPS,float64,0,0.0,3,"2.0, 1.0, 9.0"
mhacs_2022_pumf,MIAGREC,float64,0,0.0,10,"96.0, 1.0, 2.0, 7.0"
mhacs_2022_pumf,MIAGPER,float64,0,0.0,15,"96.0, 5.0, 6.0, 1.0"
mhacs_2022_pumf,MIADEY,float64,0,0.0,3,"2.0, 1.0, 9.0"
mhacs_2022_pumf,MIADINT,float64,0,0.0,51,"99.6, 2.5, 8.0, 99.9"
mhacs_2022_pumf,MIAFINT,float64,0,0.0,4,"6.0, 1.0, 9.0, 2.0"
mhacs_2022_pumf,HYPDL,float64,0,0.0,3,"2.0, 1.0, 9.0"
mhacs_2022_pumf,HYPDEY,float64,0,0.0,3,"2.0, 1.0, 9.0"
mhacs_2022_pumf,HYPFINT,float64,0,0.0,4,"6.0, 1.0, 9.0, 2.0"
mhacs_2022_pumf,HYPDINT,float64,0,0.0,50,"99.6, 2.5, 8.0, 2.8"
mhacs_2022_pumf,BIPD1,float64,0,0.0,3,"2.0, 1.0, 9.0"
mhacs_2022_pumf,BIPD2,float64,0,0.0,3,"2.0, 9.0, 1.0"
mhacs_2022_pumf,BIPD1Y,float64,0,0.0,3,"2.0, 9.0, 1.0"
mhacs_2022_pumf,BIPD2Y,float64,0,0.0,3,"2.0, 9.0, 1.0"
mhacs_2022_pumf,BIPDL,float64,0,0.0,3,"2.0, 1.0, 9.0"
mhacs_2022_pumf,BIPDY,float64,0,0.0,3,"2.0, 1.0, 9.0"
mhacs_2022_pumf,BIPDINT1,float64,0,0.0,33,"99.6, 99.9, 6.6, 5.0"
mhacs_2022_pumf,BIPDINT2,float64,0,0.0,33,"99.6, 99.9, 7.6, 4.8"
mhacs_2022_pumf,BIPDINT,float64,0,0.0,60,"99.6, 2.5, 8.0, 2.8"
mhacs_2022_pumf,BIPFINT1,float64,0,0.0,4,"6.0, 9.0, 1.0, 2.0"
mhacs_2022_pumf,BIPFINT2,float64,0,0.0,4,"6.0, 9.0, 1.0, 2.0"
mhacs_2022_pumf,BIPFINT,float64,0,0.0,4,"6.0, 1.0, 9.0, 2.0"
mhacs_2022_pumf,GAD_44,float64,0,0.0,6,"6.0, 9.0, 2.0, 1.0"
mhacs_2022_pumf,GAD_58,float64,0,0.0,5,"6.0, 9.0, 1.0, 2.0"
mhacs_2022_pumf,GAD_59,float64,0,0.0,4,"6.0, 9.0, 1.0, 2.0"
mhacs_2022_pumf,GADDGDS,float64,0,0.0,3,"2.0, 9.0, 1.0"
mhacs_2022_pumf,GADGREC,float64,0,0.0,10,"96.0, 99.0, 3.0, 6.0"
mhacs_2022_pumf,GADDDY,float64,0,0.0,3,"2.0, 9.0, 1.0"
mhacs_2022_pumf,GADDINT,float64,0,0.0,70,"99.6, 99.9, 4.2, 3.3"
mhacs_2022_pumf,GADFINT,float64,0,0.0,4,"6.0, 9.0, 1.0, 2.0"
mhacs_2022_pumf,SOPDA1,float64,0,0.0,3,"1.0, 2.0, 9.0"
mhacs_2022_pumf,SOPDA2,float64,0,0.0,3,"2.0, 1.0, 9.0"
mhacs_2022_pumf,SOPDA,float64,0,0.0,3,"2.0, 1.0, 9.0"
mhacs_2022_pumf,SOPDB,float64,0,0.0,3,"1.0, 2.0, 9.0"
mhacs_2022_pumf,SOPDC,float64,0,0.0,3,"1.0, 2.0, 9.0"
mhacs_2022_pumf,SOPDD1,float64,0,0.0,3,"1.0, 2.0, 9.0"
mhacs_2022_pumf,SOPD09,float64,0,0.0,3,"2.0, 1.0, 9.0"
mhacs_2022_pumf,SOPDD2,float64,0,0.0,3,"2.0, 1.0, 9.0"
mhacs_2022_pumf,SOPDD,float64,0,0.0,3,"1.0, 2.0, 9.0"
mhacs_2022_pumf,SOPD215,float64,0,0.0,3,"2.0, 1.0, 9.0"
mhacs_2022_pumf,SOPDE,float64,0,0.0,3,"2.0, 1.0, 9.0"
mhacs_2022_pumf,SOPD02,float64,0,0.0,3,"2.0, 1.0, 9.0"
mhacs_2022_pumf,SOPDREC,float64,0,0.0,78,"996.0, 24.0, 18.0, 65.0"
mhacs_2022_pumf,SOPDYA,float64,0,0.0,3,"2.0, 1.0, 9.0"
mhacs_2022_pumf,SOPDYB,float64,0,0.0,3,"2.0, 1.0, 9.0"
mhacs_2022_pumf,SOPDYC,float64,0,0.0,3,"2.0, 1.0, 9.0"
mhacs_2022_pumf,SOPDPY,float64,0,0.0,3,"2.0, 1.0, 9.0"
mhacs_2022_pumf,SOPDINT,float64,0,0.0,75,"99.6, 6.5, 99.9, 4.7"
mhacs_2022_pumf,SOPFINT,float64,0,0.0,4,"6.0, 1.0, 9.0, 2.0"
mhacs_2022_pumf,SMK_201A,float64,0,0.0,4,"2.0, 1.0, 8.0, 7.0"
mhacs_2022_pumf,SMK_201B,float64,0,0.0,5,"2.0, 1.0, 6.0, 8.0"
mhacs_2022_pumf,SMKG01C,float64,0,0.0,12,"96.0, 5.0, 2.0, 4.0"
mhacs_2022_pumf,SMK_202,float64,0,0.0,6,"3.0, 9.0, 1.0, 2.0"
mhacs_2022_pumf,SMKG203,float64,0,0.0,10,"96.0, 99.0, 3.0, 4.0"
mhacs_2022_pumf,SMK_204,float64,0,0.0,34,"996.0, 999.0, 25.0, 10.0"
mhacs_2022_pumf,SMK_205B,float64,0,0.0,15,"996.0, 999.0, 2.0, 10.0"
mhacs_2022_pumf,SMK_205C,float64,0,0.0,26,"96.0, 99.0, 1.0, 30.0"
mhacs_2022_pumf,SMK_205D,float64,0,0.0,5,"6.0, 1.0, 2.0, 9.0"
mhacs_2022_pumf,SMK_206A,float64,0,0.0,8,"6.0, 4.0, 9.0, 3.0"
mhacs_2022_pumf,SMKG06C,float64,0,0.0,7,"96.0, 2.0, 99.0, 5.0"
mhacs_2022_pumf,SMKG207,float64,0,0.0,12,"96.0, 3.0, 4.0, 99.0"
mhacs_2022_pumf,SMK_208,float64,0,0.0,41,"996.0, 5.0, 10.0, 15.0"
mhacs_2022_pumf,SMK_209A,float64,0,0.0,8,"6.0, 2.0, 4.0, 9.0"
mhacs_2022_pumf,SMKG10C,float64,0,0.0,5,"96.0, 3.0, 99.0, 1.0"
mhacs_2022_pumf,SMK_210A,float64,0,0.0,5,"6.0, 1.0, 9.0, 2.0"
mhacs_2022_pumf,SMKG210B,float64,0,0.0,5,"6.0, 9.0, 3.0, 1.0"
mhacs_2022_pumf,SMKG09C,float64,0,0.0,5,"96.0, 99.0, 3.0, 2.0"
mhacs_2022_pumf,SMKDSTY,float64,0,0.0,7,"6.0, 5.0, 4.0, 99.0"
mhacs_2022_pumf,SMKGSTP,float64,0,0.0,7,"96.0, 2.0, 4.0, 5.0"
mhacs_2022_pumf,SMKDYCS,float64,0,0.0,53,"996.0, 999.0, 36.0, 32.0"
mhacs_2022_pumf,AUD_01,float64,0,0.0,4,"1.0, 2.0, 8.0, 7.0"
mhacs_2022_pumf,AUD_02,float64,0,0.0,11,"4.0, 3.0, 1.0, 5.0"
mhacs_2022_pumf,AUD_03,float64,0,0.0,10,"4.0, 2.0, 1.0, 3.0"
mhacs_2022_pumf,AUD_04,float64,0,0.0,4,"1.0, 2.0, 9.0, 7.0"
mhacs_2022_pumf,AUD_05,float64,0,0.0,6,"6.0, 2.0, 1.0, 9.0"
mhacs_2022_pumf,AUDG06,float64,0,0.0,12,"2.0, 1.0, 96.0, 3.0"
mhacs_2022_pumf,AUD_08,float64,0,0.0,6,"2.0, 1.0, 6.0, 9.0"
mhacs_2022_pumf,AUD_10,float64,0,0.0,11,"96.0, 4.0, 3.0, 6.0"
mhacs_2022_pumf,AUDG11,float64,0,0.0,12,"96.0, 1.0, 4.0, 5.0"
mhacs_2022_pumf,AUD_39,float64,0,0.0,6,"2.0, 6.0, 9.0, 1.0"
mhacs_2022_pumf,AUDDTTM,float64,0,0.0,4,"1.0, 2.0, 3.0, 9.0"
mhacs_2022_pumf,AUDFWDY,float64,0,0.0,4,"2.0, 1.0, 6.0, 9.0"
mhacs_2022_pumf,AUDDWDY,float64,0,0.0,4,"1.0, 6.0, 2.0, 9.0"
mhacs_2022_pumf,AUDDLD,float64,0,0.0,3,"2.0, 9.0, 1.0"
mhacs_2022_pumf,AUDDYD,float64,0,0.0,3,"2.0, 9.0, 1.0"
mhacs_2022_pumf,AUDDLA,float64,0,0.0,3,"1.0, 2.0, 9.0"
mhacs_2022_pumf,AUDDYA,float64,0,0.0,3,"2.0, 9.0, 1.0"
mhacs_2022_pumf,AUDDL,float64,0,0.0,3,"1.0, 2.0, 9.0"
mhacs_2022_pumf,AUDDY,float64,0,0.0,3,"2.0, 9.0, 1.0"
mhacs_2022_pumf,AUDFINT,float64,0,0.0,4,"6.0, 9.0, 1.0, 2.0"
mhacs_2022_pumf,AUDDINT,float64,0,0.0,46,"99.6, 99.9, 2.5, 0.2"
mhacs_2022_pumf,SUD_87,float64,0,0.0,5,"6.0, 2.0, 1.0, 9.0"
mhacs_2022_pumf,SUDFLTU,float64,0,0.0,3,"2.0, 9.0, 1.0"
mhacs_2022_pumf,SUDFLSU,float64,0,0.0,3,"2.0, 9.0, 1.0"
mhacs_2022_pumf,SUDFLAU,float64,0,0.0,3,"2.0, 1.0, 9.0"
mhacs_2022_pumf,SUDFLCA,float64,0,0.0,3,"2.0, 1.0, 9.0"
mhacs_2022_pumf,SUDFLCM,float64,0,0.0,3,"2.0, 1.0, 9.0"
mhacs_2022_pumf,SUDFYCM,float64,0,0.0,3,"2.0, 1.0, 9.0"
mhacs_2022_pumf,SUDGLOTH,float64,0,0.0,3,"2.0, 1.0, 9.0"
mhacs_2022_pumf,SUDDLAI,float64,0,0.0,3,"2.0, 1.0, 9.0"
mhacs_2022_pumf,SUDDLAE,float64,0,0.0,3,"2.0, 1.0, 9.0"
mhacs_2022_pumf,SUDDLID,float64,0,0.0,3,"2.0, 1.0, 9.0"
mhacs_2022_pumf,SUDDYAI,float64,0,0.0,3,"2.0, 1.0, 9.0"
mhacs_2022_pumf,SUDDYAE,float64,0,0.0,3,"2.0, 1.0, 9.0"
mhacs_2022_pumf,SUDDYID,float64,0,0.0,3,"2.0, 1.0, 9.0"
mhacs_2022_pumf,SUDDLCD,float64,0,0.0,3,"2.0, 9.0, 1.0"
mhacs_2022_pumf,SUDDYCD,float64,0,0.0,3,"2.0, 9.0, 1.0"
mhacs_2022_pumf,SUDDLOD,float64,0,0.0,3,"2.0, 9.0, 1.0"
mhacs_2022_pumf,SUDDYOD,float64,0,0.0,3,"2.0, 9.0, 1.0"
mhacs_2022_pumf,SUDDLCA,float64,0,0.0,3,"2.0, 9.0, 1.0"
mhacs_2022_pumf,SUDDYCA,float64,0,0.0,3,"2.0, 9.0, 1.0"
mhacs_2022_pumf,SUDDLOA,float64,0,0.0,3,"2.0, 9.0, 1.0"
mhacs_2022_pumf,SUDDYOA,float64,0,0.0,3,"2.0, 9.0, 1.0"
mhacs_2022_pumf,SUDDLC,float64,0,0.0,3,"2.0, 9.0, 1.0"
mhacs_2022_pumf,SUDDYC,float64,0,0.0,3,"2.0, 9.0, 1.0"
mhacs_2022_pumf,SUDDLO,float64,0,0.0,3,"2.0, 9.0, 1.0"
mhacs_2022_pumf,SUDDYO,float64,0,0.0,3,"2.0, 9.0, 1.0"
mhacs_2022_pumf,SUDDL,float64,0,0.0,3,"2.0, 9.0, 1.0"
mhacs_2022_pumf,SUDDY,float64,0,0.0,3,"2.0, 9.0, 1.0"
mhacs_2022_pumf,SUDFINT,float64,0,0.0,4,"6.0, 9.0, 2.0, 1.0"
mhacs_2022_pumf,SUDDINT,float64,0,0.0,44,"99.6, 99.9, 0.6, 3.4"
mhacs_2022_pumf,MHPFL,float64,0,0.0,3,"1.0, 2.0, 9.0"
mhacs_2022_pumf,MHPFLM,float64,0,0.0,3,"2.0, 1.0, 9.0"
mhacs_2022_pumf,MHPFLA,float64,0,0.0,3,"2.0, 9.0, 1.0"
mhacs_2022_pumf,MHPFLSA,float64,0,0.0,3,"1.0, 2.0, 9.0"
mhacs_2022_pumf,MHPFY,float64,0,0.0,3,"2.0, 9.0, 1.0"
mhacs_2022_pumf,MHPFYM,float64,0,0.0,3,"2.0, 1.0, 9.0"
mhacs_2022_pumf,MHPFYA,float64,0,0.0,3,"2.0, 9.0, 1.0"
mhacs_2022_pumf,MHPFYSA,float64,0,0.0,3,"2.0, 9.0, 1.0"
mhacs_2022_pumf,MHPFINT,float64,0,0.0,4,"6.0, 9.0, 1.0, 2.0"
mhacs_2022_pumf,DASG01,float64,0,0.0,5,"1.0, 3.0, 9.0, 4.0"
mhacs_2022_pumf,DASG02,float64,0,0.0,5,"1.0, 2.0, 4.0, 3.0"
mhacs_2022_pumf,DAS_04,float64,0,0.0,9,"1.0, 6.0, 2.0, 3.0"
mhacs_2022_pumf,DAS_05,float64,0,0.0,8,"1.0, 2.0, 3.0, 9.0"
mhacs_2022_pumf,DAS_06,float64,0,0.0,8,"1.0, 3.0, 7.0, 2.0"
mhacs_2022_pumf,DAS_07,float64,0,0.0,8,"1.0, 4.0, 2.0, 3.0"
mhacs_2022_pumf,DAS_10,float64,0,0.0,8,"1.0, 2.0, 4.0, 3.0"
mhacs_2022_pumf,DAS_11,float64,0,0.0,8,"1.0, 3.0, 2.0, 9.0"
mhacs_2022_pumf,DAS_12,float64,0,0.0,9,"1.0, 3.0, 2.0, 6.0"
mhacs_2022_pumf,DAS_13,float64,0,0.0,9,"6.0, 1.0, 4.0, 3.0"
mhacs_2022_pumf,DASGSCR,float64,0,0.0,17,"0.0, 11.0, 17.0, 40.0"
mhacs_2022_pumf,SR1_001,float64,0,0.0,4,"2.0, 8.0, 1.0, 7.0"
mhacs_2022_pumf,SR1_004A,float64,0,0.0,4,"2.0, 8.0, 7.0, 1.0"
mhacs_2022_pumf,SR1_004B,float64,0,0.0,4,"2.0, 1.0, 8.0, 7.0"
mhacs_2022_pumf,SR1_004C,float64,0,0.0,4,"2.0, 1.0, 8.0, 7.0"
mhacs_2022_pumf,SR1_004D,float64,0,0.0,4,"2.0, 8.0, 7.0, 1.0"
mhacs_2022_pumf,SR1_004E,float64,0,0.0,4,"2.0, 1.0, 8.0, 7.0"
mhacs_2022_pumf,SR1_004F,float64,0,0.0,4,"2.0, 1.0, 8.0, 7.0"
mhacs_2022_pumf,SR1_004G,float64,0,0.0,4,"2.0, 1.0, 8.0, 7.0"
mhacs_2022_pumf,SR1_004H,float64,0,0.0,4,"2.0, 1.0, 8.0, 7.0"
mhacs_2022_pumf,SR1_004I,float64,0,0.0,4,"2.0, 8.0, 7.0, 1.0"
mhacs_2022_pumf,SR1_004J,float64,0,0.0,4,"1.0, 2.0, 8.0, 7.0"
mhacs_2022_pumf,SR1_10AA,float64,0,0.0,4,"6.0, 9.0, 2.0, 1.0"
mhacs_2022_pumf,SR1_10AB,float64,0,0.0,4,"6.0, 9.0, 1.0, 2.0"
mhacs_2022_pumf,SR1_10AC,float64,0,0.0,4,"6.0, 9.0, 2.0, 1.0"
mhacs_2022_pumf,SR1_10AD,float64,0,0.0,4,"6.0, 9.0, 2.0, 1.0"
mhacs_2022_pumf,SR1G010,float64,0,0.0,5,"6.0, 9.0, 2.0, 1.0"
mhacs_2022_pumf,SR1_012,float64,0,0.0,7,"6.0, 9.0, 1.0, 2.0"
mhacs_2022_pumf,SR1_013,float64,0,0.0,5,"6.0, 9.0, 2.0, 1.0"
mhacs_2022_pumf,SR1_014A,float64,0,0.0,4,"6.0, 9.0, 2.0, 1.0"
mhacs_2022_pumf,SR1_014B,float64,0,0.0,4,"6.0, 9.0, 2.0, 1.0"
mhacs_2022_pumf,SR1_014C,float64,0,0.0,4,"6.0, 9.0, 2.0, 1.0"
mhacs_2022_pumf,SR1_014D,float64,0,0.0,4,"6.0, 9.0, 2.0, 1.0"
mhacs_2022_pumf,SR1_014E,float64,0,0.0,4,"6.0, 9.0, 1.0, 2.0"
mhacs_2022_pumf,SR1_014G,float64,0,0.0,4,"6.0, 9.0, 2.0, 1.0"
mhacs_2022_pumf,SR1_014H,float64,0,0.0,4,"6.0, 9.0, 2.0, 1.0"
mhacs_2022_pumf,SR1_014I,float64,0,0.0,4,"6.0, 9.0, 2.0, 1.0"
mhacs_2022_pumf,SR1_014J,float64,0,0.0,4,"6.0, 9.0, 2.0, 1.0"
mhacs_2022_pumf,SR1_014L,float64,0,0.0,4,"6.0, 9.0, 2.0, 1.0"
mhacs_2022_pumf,SR1_20AA,float64,0,0.0,6,"6.0, 1.0, 9.0, 2.0"
mhacs_2022_pumf,SR1_20AB,float64,0,0.0,6,"6.0, 2.0, 9.0, 1.0"
mhacs_2022_pumf,SR1_20AC,float64,0,0.0,6,"6.0, 2.0, 9.0, 1.0"
mhacs_2022_pumf,SR1_20AD,float64,0,0.0,6,"6.0, 2.0, 9.0, 1.0"
mhacs_2022_pumf,SR1G020,float64,0,0.0,5,"6.0, 1.0, 9.0, 3.0"
mhacs_2022_pumf,SR1_022,float64,0,0.0,8,"6.0, 1.0, 9.0, 2.0"
mhacs_2022_pumf,SR1_023,float64,0,0.0,6,"6.0, 2.0, 1.0, 9.0"
mhacs_2022_pumf,SR1_024A,float64,0,0.0,6,"6.0, 1.0, 9.0, 2.0"
mhacs_2022_pumf,SR1_024B,float64,0,0.0,6,"6.0, 2.0, 9.0, 1.0"
mhacs_2022_pumf,SR1_024C,float64,0,0.0,6,"6.0, 2.0, 9.0, 1.0"
mhacs_2022_pumf,SR1_024D,float64,0,0.0,6,"6.0, 2.0, 9.0, 1.0"
mhacs_2022_pumf,SR1_024E,float64,0,0.0,6,"6.0, 2.0, 9.0, 8.0"
mhacs_2022_pumf,SR1_024F,float64,0,0.0,6,"6.0, 2.0, 9.0, 8.0"
mhacs_2022_pumf,SR1_024G,float64,0,0.0,6,"6.0, 2.0, 9.0, 1.0"
mhacs_2022_pumf,SR1_024H,float64,0,0.0,6,"6.0, 2.0, 9.0, 1.0"
mhacs_2022_pumf,SR1_024I,float64,0,0.0,6,"6.0, 2.0, 9.0, 1.0"
mhacs_2022_pumf,SR1_024J,float64,0,0.0,6,"6.0, 2.0, 9.0, 1.0"
mhacs_2022_pumf,SR1_024K,float64,0,0.0,6,"6.0, 2.0, 9.0, 8.0"
mhacs_2022_pumf,SR1_024L,float64,0,0.0,6,"6.0, 2.0, 9.0, 1.0"
mhacs_2022_pumf,SR1_30AA,float64,0,0.0,5,"6.0, 2.0, 9.0, 1.0"
mhacs_2022_pumf,SR1_30AB,float64,0,0.0,5,"6.0, 1.0, 9.0, 2.0"
mhacs_2022_pumf,SR1_30AC,float64,0,0.0,5,"6.0, 2.0, 9.0, 1.0"
mhacs_2022_pumf,SR1_30AD,float64,0,0.0,5,"6.0, 2.0, 9.0, 1.0"
mhacs_2022_pumf,SR1G030,float64,0,0.0,5,"6.0, 1.0, 9.0, 3.0"
mhacs_2022_pumf,SR1_032,float64,0,0.0,7,"6.0, 1.0, 9.0, 2.0"
mhacs_2022_pumf,SR1_033,float64,0,0.0,5,"6.0, 1.0, 9.0, 2.0"
mhacs_2022_pumf,SR1_034A,float64,0,0.0,5,"6.0, 1.0, 9.0, 2.0"
mhacs_2022_pumf,SR1_034B,float64,0,0.0,5,"6.0, 2.0, 9.0, 1.0"
mhacs_2022_pumf,SR1_034C,float64,0,0.0,5,"6.0, 2.0, 9.0, 1.0"
mhacs_2022_pumf,SR1_034D,float64,0,0.0,5,"6.0, 2.0, 9.0, 1.0"
mhacs_2022_pumf,SR1_034E,float64,0,0.0,5,"6.0, 2.0, 9.0, 1.0"
mhacs_2022_pumf,SR1_034F,float64,0,0.0,5,"6.0, 2.0, 9.0, 8.0"
mhacs_2022_pumf,SR1_034G,float64,0,0.0,5,"6.0, 2.0, 9.0, 1.0"
mhacs_2022_pumf,SR1_034H,float64,0,0.0,5,"6.0, 2.0, 9.0, 1.0"
mhacs_2022_pumf,SR1_034I,float64,0,0.0,5,"6.0, 2.0, 9.0, 1.0"
mhacs_2022_pumf,SR1_034J,float64,0,0.0,5,"6.0, 2.0, 9.0, 1.0"
mhacs_2022_pumf,SR1_034K,float64,0,0.0,4,"6.0, 2.0, 9.0, 8.0"
mhacs_2022_pumf,SR1_034L,float64,0,0.0,5,"6.0, 2.0, 9.0, 1.0"
mhacs_2022_pumf,SR1_40AA,float64,0,0.0,5,"6.0, 9.0, 1.0, 2.0"
mhacs_2022_pumf,SR1_40AB,float64,0,0.0,5,"6.0, 9.0, 2.0, 1.0"
mhacs_2022_pumf,SR1_40AC,float64,0,0.0,5,"6.0, 9.0, 2.0, 7.0"
mhacs_2022_pumf,SR1G040,float64,0,0.0,5,"6.0, 9.0, 1.0, 3.0"
mhacs_2022_pumf,SR1_042,float64,0,0.0,7,"6.0, 9.0, 1.0, 4.0"
mhacs_2022_pumf,SR1_043,float64,0,0.0,6,"6.0, 9.0, 1.0, 7.0"
mhacs_2022_pumf,SR1_044A,float64,0,0.0,5,"6.0, 9.0, 1.0, 7.0"
mhacs_2022_pumf,SR1_044B,float64,0,0.0,5,"6.0, 9.0, 2.0, 7.0"
mhacs_2022_pumf,SR1_044C,float64,0,0.0,5,"6.0, 9.0, 2.0, 7.0"
mhacs_2022_pumf,SR1_044D,float64,0,0.0,5,"6.0, 9.0, 2.0, 7.0"
mhacs_2022_pumf,SR1_044E,float64,0,0.0,5,"6.0, 9.0, 2.0, 7.0"
mhacs_2022_pumf,SR1_044F,float64,0,0.0,4,"6.0, 9.0, 2.0, 7.0"
mhacs_2022_pumf,SR1_044G,float64,0,0.0,5,"6.0, 9.0, 1.0, 7.0"
mhacs_2022_pumf,SR1_044H,float64,0,0.0,5,"6.0, 9.0, 2.0, 7.0"
mhacs_2022_pumf,SR1_044I,float64,0,0.0,5,"6.0, 9.0, 2.0, 7.0"
mhacs_2022_pumf,SR1_044J,float64,0,0.0,5,"6.0, 9.0, 2.0, 7.0"
mhacs_2022_pumf,SR1_044K,float64,0,0.0,4,"6.0, 9.0, 2.0, 7.0"
mhacs_2022_pumf,SR1_044L,float64,0,0.0,5,"6.0, 9.0, 2.0, 7.0"
mhacs_2022_pumf,SR1_50AA,float64,0,0.0,5,"6.0, 1.0, 9.0, 2.0"
mhacs_2022_pumf,SR1_50AB,float64,0,0.0,5,"6.0, 1.0, 9.0, 2.0"
mhacs_2022_pumf,SR1_50AC,float64,0,0.0,5,"6.0, 2.0, 9.0, 1.0"
mhacs_2022_pumf,SR1_50AD,float64,0,0.0,5,"6.0, 1.0, 9.0, 2.0"
mhacs_2022_pumf,SR1G050,float64,0,0.0,5,"6.0, 2.0, 9.0, 3.0"
mhacs_2022_pumf,SR1_052,float64,0,0.0,8,"6.0, 1.0, 9.0, 2.0"
mhacs_2022_pumf,SR1_053,float64,0,0.0,6,"6.0, 2.0, 9.0, 1.0"
mhacs_2022_pumf,SR1_054A,float64,0,0.0,5,"6.0, 9.0, 2.0, 1.0"
mhacs_2022_pumf,SR1_054B,float64,0,0.0,5,"6.0, 9.0, 2.0, 1.0"
mhacs_2022_pumf,SR1_054C,float64,0,0.0,5,"6.0, 9.0, 2.0, 1.0"
mhacs_2022_pumf,SR1_054D,float64,0,0.0,5,"6.0, 9.0, 2.0, 1.0"
mhacs_2022_pumf,SR1_054E,float64,0,0.0,5,"6.0, 9.0, 2.0, 1.0"
mhacs_2022_pumf,SR1_054F,float64,0,0.0,5,"6.0, 9.0, 2.0, 1.0"
mhacs_2022_pumf,SR1_054G,float64,0,0.0,5,"6.0, 9.0, 2.0, 1.0"
mhacs_2022_pumf,SR1_054H,float64,0,0.0,5,"6.0, 9.0, 2.0, 1.0"
mhacs_2022_pumf,SR1_054I,float64,0,0.0,5,"6.0, 9.0, 1.0, 2.0"
mhacs_2022_pumf,SR1_054J,float64,0,0.0,5,"6.0, 9.0, 2.0, 1.0"
mhacs_2022_pumf,SR1_054K,float64,0,0.0,5,"6.0, 9.0, 2.0, 1.0"
mhacs_2022_pumf,SR1_054L,float64,0,0.0,5,"6.0, 9.0, 2.0, 1.0"
mhacs_2022_pumf,SR1_60AA,float64,0,0.0,6,"6.0, 2.0, 1.0, 9.0"
mhacs_2022_pumf,SR1_60AB,float64,0,0.0,6,"6.0, 2.0, 1.0, 9.0"
mhacs_2022_pumf,SR1_60AC,float64,0,0.0,6,"6.0, 2.0, 1.0, 9.0"
mhacs_2022_pumf,SR1_60AD,float64,0,0.0,6,"6.0, 1.0, 2.0, 9.0"
mhacs_2022_pumf,SR1G060,float64,0,0.0,5,"6.0, 1.0, 9.0, 3.0"
mhacs_2022_pumf,SR1_062,float64,0,0.0,8,"6.0, 2.0, 1.0, 9.0"
mhacs_2022_pumf,SR1_70AA,float64,0,0.0,6,"6.0, 1.0, 2.0, 9.0"
mhacs_2022_pumf,SR1_70AB,float64,0,0.0,6,"6.0, 1.0, 2.0, 9.0"
mhacs_2022_pumf,SR1_70AC,float64,0,0.0,6,"6.0, 2.0, 1.0, 9.0"
mhacs_2022_pumf,SR1_70AD,float64,0,0.0,6,"6.0, 1.0, 2.0, 9.0"
mhacs_2022_pumf,SR1G070,float64,0,0.0,5,"6.0, 2.0, 1.0, 3.0"
mhacs_2022_pumf,SR1_072,float64,0,0.0,8,"6.0, 1.0, 2.0, 9.0"
mhacs_2022_pumf,SR1_80AA,float64,0,0.0,5,"6.0, 2.0, 9.0, 1.0"
mhacs_2022_pumf,SR1_80AB,float64,0,0.0,5,"6.0, 2.0, 9.0, 1.0"
mhacs_2022_pumf,SR1_80AC,float64,0,0.0,5,"6.0, 2.0, 9.0, 1.0"
mhacs_2022_pumf,SR1_80AD,float64,0,0.0,5,"6.0, 1.0, 9.0, 2.0"
mhacs_2022_pumf,SR1G080,float64,0,0.0,5,"6.0, 1.0, 9.0, 3.0"
mhacs_2022_pumf,SR1_082,float64,0,0.0,7,"6.0, 2.0, 9.0, 1.0"
mhacs_2022_pumf,SR1100AA,float64,0,0.0,5,"6.0, 9.0, 1.0, 2.0"
mhacs_2022_pumf,SR1100AB,float64,0,0.0,5,"6.0, 9.0, 2.0, 1.0"
mhacs_2022_pumf,SR1100AC,float64,0,0.0,5,"6.0, 9.0, 2.0, 7.0"
mhacs_2022_pumf,SR1100AD,float64,0,0.0,5,"6.0, 9.0, 1.0, 2.0"
mhacs_2022_pumf,SR1G100,float64,0,0.0,5,"6.0, 9.0, 2.0, 1.0"
mhacs_2022_pumf,SR1_102,float64,0,0.0,7,"6.0, 9.0, 2.0, 1.0"
mhacs_2022_pumf,SR1_110,float64,0,0.0,6,"2.0, 6.0, 1.0, 7.0"
mhacs_2022_pumf,SR1_111,float64,0,0.0,5,"2.0, 1.0, 9.0, 7.0"
mhacs_2022_pumf,SR1_112A,float64,0,0.0,6,"6.0, 2.0, 1.0, 9.0"
mhacs_2022_pumf,SR1_112B,float64,0,0.0,6,"6.0, 2.0, 1.0, 9.0"
mhacs_2022_pumf,SR1_112C,float64,0,0.0,6,"6.0, 2.0, 9.0, 1.0"
mhacs_2022_pumf,SR1_112D,float64,0,0.0,6,"6.0, 1.0, 2.0, 9.0"
mhacs_2022_pumf,SR1_112E,float64,0,0.0,6,"6.0, 2.0, 9.0, 1.0"
mhacs_2022_pumf,SR1_113,float64,0,0.0,5,"2.0, 9.0, 1.0, 7.0"
mhacs_2022_pumf,SR1_114A,float64,0,0.0,6,"6.0, 9.0, 1.0, 2.0"
mhacs_2022_pumf,SR1_114B,float64,0,0.0,6,"6.0, 9.0, 2.0, 1.0"
mhacs_2022_pumf,SR1_114C,float64,0,0.0,6,"6.0, 9.0, 2.0, 1.0"
mhacs_2022_pumf,SR1G115,float64,0,0.0,5,"6.0, 9.0, 1.0, 2.0"
mhacs_2022_pumf,SR1_116,float64,0,0.0,5,"2.0, 1.0, 9.0, 7.0"
mhacs_2022_pumf,SR1G117,float64,0,0.0,5,"6.0, 1.0, 9.0, 2.0"
mhacs_2022_pumf,SR1_118,float64,0,0.0,5,"2.0, 1.0, 9.0, 7.0"
mhacs_2022_pumf,SR1G119,float64,0,0.0,4,"1.0, 2.0, 9.0, 3.0"
mhacs_2022_pumf,SR1_121,float64,0,0.0,6,"6.0, 2.0, 9.0, 1.0"
mhacs_2022_pumf,SR1_122,float64,0,0.0,6,"6.0, 2.0, 9.0, 1.0"
mhacs_2022_pumf,SR1FPRU,float64,0,0.0,3,"2.0, 1.0, 9.0"
mhacs_2022_pumf,SR1FNPU,float64,0,0.0,3,"2.0, 1.0, 9.0"
mhacs_2022_pumf,SR1DYPRT,float64,0,0.0,7,"0.0, 1.0, 2.0, 9.0"
mhacs_2022_pumf,SR1DYNPT,float64,0,0.0,8,"0.0, 2.0, 1.0, 99.0"
mhacs_2022_pumf,SR1GPRO1,float64,0,0.0,6,"1.0, 9.0, 3.0, 2.0"
mhacs_2022_pumf,SR1GPRO2,float64,0,0.0,5,"1.0, 9.0, 2.0, 3.0"
mhacs_2022_pumf,SR1GPRO3,float64,0,0.0,6,"1.0, 2.0, 9.0, 3.0"
mhacs_2022_pumf,SR1GPRO4,float64,0,0.0,5,"1.0, 9.0, 3.0, 2.0"
mhacs_2022_pumf,SR1GPRO5,float64,0,0.0,6,"1.0, 3.0, 9.0, 5.0"
mhacs_2022_pumf,SR1GPROT,float64,0,0.0,6,"1.0, 3.0, 2.0, 9.0"
mhacs_2022_pumf,MED_01,float64,0,0.0,4,"2.0, 8.0, 1.0, 7.0"
mhacs_2022_pumf,MEDGTNUM,float64,0,0.0,7,"6.0, 9.0, 3.0, 2.0"
mhacs_2022_pumf,MED_05,float64,0,0.0,4,"1.0, 2.0, 7.0, 8.0"
mhacs_2022_pumf,MED_06,float64,0,0.0,5,"2.0, 1.0, 8.0, 7.0"
mhacs_2022_pumf,PNC_01A,float64,0,0.0,5,"2.0, 1.0, 8.0, 7.0"
mhacs_2022_pumf,PNC_01B,float64,0,0.0,5,"2.0, 1.0, 8.0, 7.0"
mhacs_2022_pumf,PNC_01C,float64,0,0.0,5,"2.0, 1.0, 8.0, 7.0"
mhacs_2022_pumf,PNC_01D,float64,0,0.0,5,"2.0, 8.0, 7.0, 1.0"
mhacs_2022_pumf,PNC_01E,float64,0,0.0,5,"1.0, 2.0, 8.0, 7.0"
mhacs_2022_pumf,PNC_02A,float64,0,0.0,6,"6.0, 1.0, 2.0, 9.0"
mhacs_2022_pumf,PNC_02BA,float64,0,0.0,5,"6.0, 1.0, 9.0, 2.0"
mhacs_2022_pumf,PNC_02BB,float64,0,0.0,5,"6.0, 2.0, 9.0, 1.0"
mhacs_2022_pumf,PNC_02BC,float64,0,0.0,5,"6.0, 2.0, 9.0, 1.0"
mhacs_2022_pumf,PNC_02BD,float64,0,0.0,5,"6.0, 2.0, 9.0, 1.0"
mhacs_2022_pumf,PNC_03AA,float64,0,0.0,5,"6.0, 1.0, 9.0, 2.0"
mhacs_2022_pumf,PNC_03AB,float64,0,0.0,5,"6.0, 2.0, 9.0, 1.0"
mhacs_2022_pumf,PNC_03AC,float64,0,0.0,5,"6.0, 2.0, 9.0, 1.0"
mhacs_2022_pumf,PNC_03AD,float64,0,0.0,5,"6.0, 2.0, 9.0, 1.0"
mhacs_2022_pumf,PNC_03AE,float64,0,0.0,5,"6.0, 2.0, 9.0, 1.0"
mhacs_2022_pumf,PNC_03AF,float64,0,0.0,5,"6.0, 2.0, 9.0, 1.0"
mhacs_2022_pumf,PNC_03AG,float64,0,0.0,5,"6.0, 2.0, 9.0, 1.0"
mhacs_2022_pumf,PNC_03AH,float64,0,0.0,5,"6.0, 2.0, 9.0, 1.0"
mhacs_2022_pumf,PNC_03AI,float64,0,0.0,5,"6.0, 2.0, 9.0, 1.0"
mhacs_2022_pumf,PNC_03AK,float64,0,0.0,5,"6.0, 1.0, 9.0, 2.0"
mhacs_2022_pumf,PNC_03AL,float64,0,0.0,5,"6.0, 2.0, 9.0, 1.0"
mhacs_2022_pumf,PNC_03BA,float64,0,0.0,5,"6.0, 9.0, 2.0, 1.0"
mhacs_2022_pumf,PNC_03BB,float64,0,0.0,5,"6.0, 9.0, 2.0, 7.0"
mhacs_2022_pumf,PNC_03BC,float64,0,0.0,5,"6.0, 9.0, 2.0, 7.0"
mhacs_2022_pumf,PNC_03BD,float64,0,0.0,5,"6.0, 9.0, 2.0, 7.0"
mhacs_2022_pumf,PNC_03BE,float64,0,0.0,5,"6.0, 9.0, 2.0, 7.0"
mhacs_2022_pumf,PNC_03BF,float64,0,0.0,5,"6.0, 9.0, 2.0, 7.0"
mhacs_2022_pumf,PNC_03BG,float64,0,0.0,5,"6.0, 9.0, 2.0, 1.0"
mhacs_2022_pumf,PNC_03BH,float64,0,0.0,5,"6.0, 9.0, 2.0, 1.0"
mhacs_2022_pumf,PNC_03BI,float64,0,0.0,5,"6.0, 9.0, 2.0, 7.0"
mhacs_2022_pumf,PNC_03BJ,float64,0,0.0,5,"6.0, 9.0, 2.0, 7.0"
mhacs_2022_pumf,PNC_03BK,float64,0,0.0,5,"6.0, 9.0, 2.0, 7.0"
mhacs_2022_pumf,PNC_03BL,float64,0,0.0,5,"6.0, 9.0, 1.0, 2.0"
mhacs_2022_pumf,PNC_03CA,float64,0,0.0,6,"6.0, 9.0, 1.0, 2.0"
mhacs_2022_pumf,PNC_03CB,float64,0,0.0,6,"6.0, 9.0, 2.0, 1.0"
mhacs_2022_pumf,PNC_03CC,float64,0,0.0,6,"6.0, 9.0, 2.0, 1.0"
mhacs_2022_pumf,PNC_03CD,float64,0,0.0,6,"6.0, 9.0, 2.0, 1.0"
mhacs_2022_pumf,PNC_03CE,float64,0,0.0,6,"6.0, 9.0, 2.0, 1.0"
mhacs_2022_pumf,PNC_03CF,float64,0,0.0,6,"6.0, 9.0, 2.0, 7.0"
mhacs_2022_pumf,PNC_03CG,float64,0,0.0,6,"6.0, 9.0, 2.0, 1.0"
mhacs_2022_pumf,PNC_03CH,float64,0,0.0,6,"6.0, 9.0, 2.0, 1.0"
mhacs_2022_pumf,PNC_03CI,float64,0,0.0,6,"6.0, 9.0, 2.0, 7.0"
mhacs_2022_pumf,PNC_03CK,float64,0,0.0,6,"6.0, 9.0, 2.0, 1.0"
mhacs_2022_pumf,PNC_03CL,float64,0,0.0,6,"6.0, 9.0, 2.0, 7.0"
mhacs_2022_pumf,PNC_03DG,float64,0,0.0,4,"6.0, 9.0, 2.0, 1.0"
mhacs_2022_pumf,PNC_04A,float64,0,0.0,6,"2.0, 1.0, 8.0, 6.0"
mhacs_2022_pumf,PNC_04BA,float64,0,0.0,6,"6.0, 2.0, 1.0, 9.0"
mhacs_2022_pumf,PNC_04BB,float64,0,0.0,6,"6.0, 2.0, 9.0, 1.0"
mhacs_2022_pumf,PNC_04BC,float64,0,0.0,6,"6.0, 1.0, 9.0, 2.0"
mhacs_2022_pumf,PNC_05BA,float64,0,0.0,6,"6.0, 9.0, 2.0, 1.0"
mhacs_2022_pumf,PNC_05BB,float64,0,0.0,6,"6.0, 9.0, 2.0, 1.0"
mhacs_2022_pumf,PNC_05BC,float64,0,0.0,6,"6.0, 9.0, 2.0, 1.0"
mhacs_2022_pumf,PNC_05BD,float64,0,0.0,6,"6.0, 9.0, 2.0, 1.0"
mhacs_2022_pumf,PNC_05BE,float64,0,0.0,6,"6.0, 9.0, 1.0, 2.0"
mhacs_2022_pumf,PNC_05BF,float64,0,0.0,6,"6.0, 9.0, 2.0, 1.0"
mhacs_2022_pumf,PNC_05BG,float64,0,0.0,6,"6.0, 9.0, 2.0, 1.0"
mhacs_2022_pumf,PNC_05BH,float64,0,0.0,6,"6.0, 9.0, 2.0, 1.0"
mhacs_2022_pumf,PNC_05BI,float64,0,0.0,6,"6.0, 9.0, 2.0, 1.0"
mhacs_2022_pumf,PNC_05BL,float64,0,0.0,6,"6.0, 9.0, 2.0, 1.0"
mhacs_2022_pumf,PNC_05CA,float64,0,0.0,5,"6.0, 9.0, 1.0, 2.0"
mhacs_2022_pumf,PNC_05CB,float64,0,0.0,5,"6.0, 9.0, 2.0, 1.0"
mhacs_2022_pumf,PNC_05CC,float64,0,0.0,5,"6.0, 9.0, 2.0, 1.0"
mhacs_2022_pumf,PNC_05CE,float64,0,0.0,5,"6.0, 9.0, 2.0, 1.0"
mhacs_2022_pumf,PNC_05CF,float64,0,0.0,5,"6.0, 9.0, 2.0, 1.0"
mhacs_2022_pumf,PNC_05CG,float64,0,0.0,5,"6.0, 9.0, 2.0, 1.0"
mhacs_2022_pumf,PNC_05CH,float64,0,0.0,5,"6.0, 9.0, 2.0, 1.0"
mhacs_2022_pumf,PNC_05CI,float64,0,0.0,5,"6.0, 9.0, 2.0, 1.0"
mhacs_2022_pumf,PNC_05CL,float64,0,0.0,5,"6.0, 9.0, 2.0, 1.0"
mhacs_2022_pumf,PNC_05DA,float64,0,0.0,6,"6.0, 2.0, 1.0, 9.0"
mhacs_2022_pumf,PNC_05DB,float64,0,0.0,6,"6.0, 1.0, 2.0, 9.0"
mhacs_2022_pumf,PNC_05DC,float64,0,0.0,6,"6.0, 2.0, 9.0, 1.0"
mhacs_2022_pumf,PNC_05DD,float64,0,0.0,6,"6.0, 2.0, 9.0, 1.0"
mhacs_2022_pumf,PNC_05DE,float64,0,0.0,6,"6.0, 2.0, 1.0, 9.0"
mhacs_2022_pumf,PNC_05DF,float64,0,0.0,6,"6.0, 2.0, 9.0, 1.0"
mhacs_2022_pumf,PNC_05DG,float64,0,0.0,6,"6.0, 2.0, 9.0, 1.0"
mhacs_2022_pumf,PNC_05DH,float64,0,0.0,6,"6.0, 2.0, 9.0, 1.0"
mhacs_2022_pumf,PNC_05DI,float64,0,0.0,6,"6.0, 2.0, 9.0, 1.0"
mhacs_2022_pumf,PNC_05DL,float64,0,0.0,6,"6.0, 2.0, 9.0, 1.0"
mhacs_2022_pumf,PNCG5D4D,float64,0,0.0,9,"96.0, 6.0, 99.0, 7.0"
mhacs_2022_pumf,PNCFH12,float64,0,0.0,3,"2.0, 1.0, 9.0"
mhacs_2022_pumf,PNCDHCT,float64,0,0.0,6,"0.0, 2.0, 1.0, 9.0"
mhacs_2022_pumf,PNCDPNI,float64,0,0.0,5,"1.0, 2.0, 3.0, 4.0"
mhacs_2022_pumf,PNCDPNM,float64,0,0.0,5,"1.0, 2.0, 9.0, 4.0"
mhacs_2022_pumf,PNCDPNC,float64,0,0.0,5,"1.0, 4.0, 2.0, 9.0"
mhacs_2022_pumf,PNCDPNO,float64,0,0.0,4,"1.0, 9.0, 2.0, 3.0"
mhacs_2022_pumf,PNCDNEED,float64,0,0.0,5,"1.0, 2.0, 4.0, 3.0"
mhacs_2022_pumf,MHE_05A,float64,0,0.0,5,"2.0, 1.0, 8.0, 7.0"
mhacs_2022_pumf,MHE_05B,float64,0,0.0,6,"6.0, 2.0, 9.0, 1.0"
mhacs_2022_pumf,MHE_06,float64,0,0.0,5,"6.0, 9.0, 1.0, 2.0"
mhacs_2022_pumf,MHE_06A,float64,0,0.0,14,"996.0, 999.0, 0.0, 10.0"
mhacs_2022_pumf,MHE_06B,float64,0,0.0,14,"996.0, 999.0, 0.0, 9.0"
mhacs_2022_pumf,MHE_06C,float64,0,0.0,16,"996.0, 999.0, 0.0, 10.0"
mhacs_2022_pumf,MHE_06D,float64,0,0.0,15,"996.0, 999.0, 0.0, 3.0"
mhacs_2022_pumf,MHE_06E,float64,0,0.0,15,"996.0, 999.0, 0.0, 1.0"
mhacs_2022_pumf,MHE_06F,float64,0,0.0,15,"996.0, 999.0, 6.0, 0.0"
mhacs_2022_pumf,FMI_01A,float64,0,0.0,6,"1.0, 2.0, 7.0, 3.0"
mhacs_2022_pumf,FMI_02,float64,0,0.0,8,"4.0, 6.0, 1.0, 9.0"
mhacs_2022_pumf,SPS_01,float64,0,0.0,7,"2.0, 1.0, 3.0, 8.0"
mhacs_2022_pumf,SPS_02,float64,0,0.0,7,"2.0, 1.0, 3.0, 9.0"
mhacs_2022_pumf,SPS_03,float64,0,0.0,7,"2.0, 1.0, 9.0, 4.0"
mhacs_2022_pumf,SPS_04,float64,0,0.0,7,"2.0, 1.0, 9.0, 7.0"
mhacs_2022_pumf,SPS_05,float64,0,0.0,7,"2.0, 1.0, 3.0, 9.0"
mhacs_2022_pumf,SPS_06,float64,0,0.0,7,"2.0, 1.0, 9.0, 3.0"
mhacs_2022_pumf,SPS_07,float64,0,0.0,7,"2.0, 1.0, 3.0, 9.0"
mhacs_2022_pumf,SPS_08,float64,0,0.0,7,"2.0, 1.0, 3.0, 9.0"
mhacs_2022_pumf,SPS_09,float64,0,0.0,7,"2.0, 1.0, 9.0, 3.0"
mhacs_2022_pumf,SPS_10,float64,0,0.0,7,"2.0, 1.0, 3.0, 9.0"
mhacs_2022_pumf,SPSDCON,float64,0,0.0,30,"30.0, 36.0, 31.0, 33.0"
mhacs_2022_pumf,SPSDATT,float64,0,0.0,8,"6.0, 8.0, 7.0, 5.0"
mhacs_2022_pumf,SPSDGUI,float64,0,0.0,8,"6.0, 7.0, 8.0, 9.0"
mhacs_2022_pumf,SPSDALL,float64,0,0.0,8,"6.0, 7.0, 8.0, 5.0"
mhacs_2022_pumf,SPSDINT,float64,0,0.0,8,"6.0, 8.0, 5.0, 7.0"
mhacs_2022_pumf,SPSDWOR,float64,0,0.0,8,"6.0, 7.0, 8.0, 9.0"
mhacs_2022_pumf,NSI_01,float64,0,0.0,5,"2.0, 1.0, 7.0, 8.0"
mhacs_2022_pumf,NSI_02,float64,0,0.0,7,"1.0, 2.0, 9.0, 4.0"
mhacs_2022_pumf,NSI_03,float64,0,0.0,7,"1.0, 2.0, 9.0, 3.0"
mhacs_2022_pumf,NSI_04,float64,0,0.0,7,"1.0, 3.0, 9.0, 2.0"
mhacs_2022_pumf,NSI_05,float64,0,0.0,7,"1.0, 2.0, 9.0, 3.0"
mhacs_2022_pumf,NSIDSC,float64,0,0.0,14,"0.0, 5.0, 99.0, 3.0"
mhacs_2022_pumf,CEX_01,float64,0,0.0,9,"1.0, 2.0, 6.0, 7.0"
mhacs_2022_pumf,CEX_02,float64,0,0.0,9,"1.0, 4.0, 3.0, 6.0"
mhacs_2022_pumf,CEX_03,float64,0,0.0,9,"1.0, 2.0, 6.0, 7.0"
mhacs_2022_pumf,CEX_04,float64,0,0.0,9,"1.0, 6.0, 8.0, 4.0"
mhacs_2022_pumf,CEX_05,float64,0,0.0,9,"1.0, 6.0, 3.0, 8.0"
mhacs_2022_pumf,CEX_06,float64,0,0.0,9,"1.0, 2.0, 6.0, 3.0"
mhacs_2022_pumf,CEX_07,float64,0,0.0,6,"2.0, 6.0, 8.0, 1.0"
mhacs_2022_pumf,CEXDNUM,float64,0,0.0,9,"0.0, 2.0, 96.0, 99.0"
mhacs_2022_pumf,SPI_01,float64,0,0.0,7,"2.0, 4.0, 3.0, 1.0"
mhacs_2022_pumf,LMAM_01,float64,0,0.0,4,"1.0, 2.0, 6.0, 9.0"
mhacs_2022_pumf,LMAM_02,float64,0,0.0,4,"6.0, 2.0, 1.0, 9.0"
mhacs_2022_pumf,LMAMG03,float64,0,0.0,6,"96.0, 3.0, 1.0, 99.0"
mhacs_2022_pumf,LBSDWSS,float64,0,0.0,5,"1.0, 3.0, 6.0, 2.0"
mhacs_2022_pumf,LBSGSOC,float64,0,0.0,7,"2.0, 3.0, 4.0, 1.0"
mhacs_2022_pumf,WST_401,float64,0,0.0,9,"3.0, 2.0, 1.0, 4.0"
mhacs_2022_pumf,WST_402,float64,0,0.0,9,"2.0, 3.0, 4.0, 1.0"
mhacs_2022_pumf,WST_403,float64,0,0.0,9,"2.0, 1.0, 3.0, 4.0"
mhacs_2022_pumf,WST_404,float64,0,0.0,9,"3.0, 2.0, 1.0, 4.0"
mhacs_2022_pumf,WST_405,float64,0,0.0,9,"2.0, 1.0, 4.0, 3.0"
mhacs_2022_pumf,WST_406,float64,0,0.0,9,"2.0, 4.0, 7.0, 3.0"
mhacs_2022_pumf,WST_407,float64,0,0.0,9,"1.0, 2.0, 4.0, 6.0"
mhacs_2022_pumf,WST_408,float64,0,0.0,9,"5.0, 2.0, 1.0, 4.0"
mhacs_2022_pumf,WST_409,float64,0,0.0,9,"2.0, 4.0, 3.0, 5.0"
mhacs_2022_pumf,WST_410,float64,0,0.0,10,"4.0, 6.0, 5.0, 1.0"
mhacs_2022_pumf,WST_411,float64,0,0.0,10,"2.0, 5.0, 4.0, 3.0"
mhacs_2022_pumf,WST_412,float64,0,0.0,10,"2.0, 1.0, 3.0, 96.0"
mhacs_2022_pumf,WST_413,float64,0,0.0,8,"2.0, 1.0, 4.0, 6.0"
mhacs_2022_pumf,WSTDSKI,float64,0,0.0,15,"5.0, 6.0, 7.0, 9.0"
mhacs_2022_pumf,WSTDAUT,float64,0,0.0,11,"2.0, 4.0, 3.0, 1.0"
mhacs_2022_pumf,WSTDPSY,float64,0,0.0,11,"4.0, 7.0, 99.0, 6.0"
mhacs_2022_pumf,WSTDJIN,float64,0,0.0,7,"0.0, 1.0, 3.0, 6.0"
mhacs_2022_pumf,WSTDPHY,float64,0,0.0,7,"0.0, 3.0, 4.0, 1.0"
mhacs_2022_pumf,WSTDSOC,float64,0,0.0,15,"3.0, 6.0, 5.0, 96.0"
mhacs_2022_pumf,WSTDJST,float64,0,0.0,113,"0.83, 1.5, 9.99, 1.25"
mhacs_2022_pumf,SORLGBTS,float64,0,0.0,3,"2.0, 9.0, 1.0"
mhacs_2022_pumf,SDCFIMM,float64,0,0.0,3,"2.0, 1.0, 9.0"
mhacs_2022_pumf,SDCGRES,float64,0,0.0,5,"6.0, 3.0, 2.0, 9.0"
mhacs_2022_pumf,SDCGVVM,float64,0,0.0,7,"6.0, 1.0, 5.0, 3.0"
mhacs_2022_pumf,SDCDVFLA,float64,0,0.0,3,"2.0, 1.0, 9.0"
mhacs_2022_pumf,EDU_05,float64,0,0.0,8,"3.0, 6.0, 2.0, 7.0"
mhacs_2022_pumf,INCDVP19,float64,0,0.0,16,"14.0, 5.0, 12.0, 3.0"
mhacs_2022_pumf,INCDVP20,float64,0,0.0,16,"14.0, 5.0, 12.0, 6.0"
mhacs_2022_pumf,INCDVHH,float64,0,0.0,16,"15.0, 13.0, 14.0, 10.0"
mhacs_2022_pumf,DABTIPPE,float64,0,0.0,11,"3.0, 10.0, 7.0, 2.0"
mhacs_2022_pumf,DNBTIPPE,float64,0,0.0,11,"1.0, 9.0, 8.0, 4.0"
mhacs_2022_pumf,WTS_M,float64,0,0.0,9748,"4372.02, 2711.23, 2475.62, 2970.67"
